{
  "tx_packets": 200,
  "rx_packets": 119,
  "PDR": 0.595,
  "PER": 0.405,
  "mean_rx_interval_s": 1.3093135593220337,
  "jitter_std_s": 6.571082432654278,
  "throughput_bytes_per_s": 65.6832730308934,
  "last_position_with_comm": {
    "seq": 200,
    "sim_time_s": 156.165,
    "x": 30.0,
    "y": 0.0,
    "z": 0.0,
    "dist": 30.0
  },
  "blackout_seq_ranges": [
    [
      64,
      64
    ],
    [
      72,
      72
    ],
    [
      76,
      77
    ],
    [
      85,
      87
    ],
    [
      89,
      89
    ],
    [
      91,
      161
    ],
    [
      164,
      164
    ],
    [
      171,
      171
    ]
  ],
  "rx_source": "radio_messages"
}